field,low_n,other_n,low_mean,other_mean,difference_low_minus_other
text_management_density_pct,118,263,0.5041949896081411,0.5057224000997693,-0.0015274104916281894
text_innovation_market_density_pct,118,263,0.47689731378670736,0.5179700265139487,-0.04107271272724139
text_regional_spillover_density_pct,118,263,0.5306126483262118,0.4938696102566807,0.03674303806953111
text_feasibility_density_pct,118,263,0.48446250676555025,0.5145757574207798,-0.030113250655229518
text_policy_relevance_density_pct,118,263,0.4978883831949958,0.508551980163462,-0.010663596968466249
text_evidence_percentile_mean,118,263,0.4988111683363213,0.5081379548909281,-0.00932678655460678
