factor,factor_label,overlap_n,exact_agreement_pct,within_one_point_pct,mean_new_minus_old,mean_absolute_difference,spearman_rho
A,需要の確からしさ,16,68.75,100.0,0.0625,0.3125,0.6740377757046878
B,物理的な能力制約,16,43.75,100.0,-0.5625,0.5625,0.7319250547113999
C,事業転換・差別化,16,81.25,100.0,-0.1875,0.1875,0.6201736729460422
D,供給網・地域の不可欠性,16,68.75,100.0,-0.1875,0.3125,0.5879447357921311
E,実行準備,16,56.25,100.0,0.1875,0.4375,0.13483997249264842
H,政策適合・波及性,16,43.75,100.0,0.1875,0.5625,-0.13483997249264842
